2000/1/1,
2000/1/10,l̓
2000/2/11,LO̓
2000/3/20,t̓
2000/4/29,݂ǂ̓
2000/5/3,@LO
2000/5/4,x
2000/5/5,ǂ̓
2000/7/20,C̓
2000/9/15,hV̓
2000/9/23,H̓
2000/10/9,̈̓
2000/11/3,̓
2000/11/23,ΘJӂ̓
2000/12/23,Vca
2001/1/1,
2001/1/8,l̓
2001/2/11,LO̓
2001/2/12,x
2001/3/20,t̓
2001/4/29,݂ǂ̓
2001/4/30,x
2001/5/3,@LO
2001/5/4,x
2001/5/5,ǂ̓
2001/7/20,C̓
2001/9/15,hV̓
2001/9/23,H̓
2001/9/24,x
2001/10/8,̈̓
2001/11/3,̓
2001/11/23,ΘJӂ̓
2001/12/23,Vca
2001/12/24,x
2002/1/1,
2002/1/14,l̓
2002/2/11,LO̓
2002/3/21,t̓
2002/4/29,݂ǂ̓
2002/5/3,@LO
2002/5/4,x
2002/5/5,ǂ̓
2002/5/6,x
2002/7/20,C̓
2002/9/15,hV̓
2002/9/16,x
2002/9/23,H̓
2002/10/14,̈̓
2002/11/3,̓
2002/11/4,x
2002/11/23,ΘJӂ̓
2002/12/23,Vca
2003/1/1,
2003/1/13,l̓
2003/2/11,LO̓
2003/3/21,t̓
2003/4/29,݂ǂ̓
2003/5/3,@LO
2003/5/5,ǂ̓
2003/7/21,C̓
2003/9/15,hV̓
2003/9/23,H̓
2003/10/13,̈̓
2003/11/3,̓
2003/11/23,ΘJӂ̓
2003/11/24,x
2003/12/23,Vca
2004/1/1,
2004/1/12,l̓
2004/2/11,LO̓
2004/3/20,t̓
2004/4/29,݂ǂ̓
2004/5/3,@LO
2004/5/4,x
2004/5/5,ǂ̓
2004/7/19,C̓
2004/9/20,hV̓
2004/9/23,H̓
2004/10/11,̈̓
2004/11/3,̓
2004/11/23,ΘJӂ̓
2004/12/23,Vca
2005/1/1,
2005/1/10,l̓
2005/2/11,LO̓
2005/3/20,t̓
2005/3/21,x
2005/4/29,݂ǂ̓
2005/5/3,@LO
2005/5/4,x
2005/5/5,ǂ̓
2005/7/18,C̓
2005/9/19,hV̓
2005/9/23,H̓
2005/10/10,̈̓
2005/11/3,̓
2005/11/23,ΘJӂ̓
2005/12/23,Vca
2006/1/1,
2006/1/2,x
2006/1/9,l̓
2006/2/11,LO̓
2006/3/21,t̓
2006/4/29,݂ǂ̓
2006/5/3,@LO
2006/5/4,x
2006/5/5,ǂ̓
2006/7/17,C̓
2006/9/18,hV̓
2006/9/23,H̓
2006/10/9,̈̓
2006/11/3,̓
2006/11/23,ΘJӂ̓
2006/12/23,Vca
2007/1/1,
2007/1/8,l̓
2007/2/11,LO̓
2007/2/12,x
2007/3/21,t̓
2007/4/29,a̓
2007/4/30,x
2007/5/3,@LO
2007/5/4,݂ǂ̓
2007/5/5,ǂ̓
2007/7/16,C̓
2007/9/17,hV̓
2007/9/23,H̓
2007/9/24,x
2007/10/8,̈̓
2007/11/3,̓
2007/11/23,ΘJӂ̓
2007/12/23,Vca
2007/12/24,x
2008/1/1,
2008/1/14,l̓
2008/2/11,LO̓
2008/3/20,t̓
2008/4/29,a̓
2008/5/3,@LO
2008/5/4,݂ǂ̓
2008/5/5,ǂ̓
2008/5/6,x
2008/7/21,C̓
2008/9/15,hV̓
2008/9/23,H̓
2008/10/13,̈̓
2008/11/3,̓
2008/11/23,ΘJӂ̓
2008/11/24,x
2008/12/23,Vca
2009/1/1,
2009/1/12,l̓
2009/2/11,LO̓
2009/3/20,t̓
2009/4/29,a̓
2009/5/3,@LO
2009/5/4,݂ǂ̓
2009/5/5,ǂ̓
2009/5/6,x
2009/7/20,C̓
2009/9/21,hV̓
2009/9/22,x
2009/9/23,H̓
2009/10/12,̈̓
2009/11/3,̓
2009/11/23,ΘJӂ̓
2009/12/23,Vca
2010/1/1,
2010/1/11,l̓
2010/2/11,LO̓
2010/3/21,t̓
2010/3/22,x
2010/4/29,a̓
2010/5/3,@LO
2010/5/4,݂ǂ̓
2010/5/5,ǂ̓
2010/7/19,C̓
2010/9/20,hV̓
2010/9/23,H̓
2010/10/11,̈̓
2010/11/3,̓
2010/11/23,ΘJӂ̓
2010/12/23,Vca
2011/1/1,
2011/1/10,l̓
2011/2/11,LO̓
2011/3/21,t̓
2011/4/29,a̓
2011/5/3,@LO
2011/5/4,݂ǂ̓
2011/5/5,ǂ̓
2011/7/18,C̓
2011/9/19,hV̓
2011/9/23,H̓
2011/10/10,̈̓
2011/11/3,̓
2011/11/23,ΘJӂ̓
2011/12/23,Vca
2012/1/1,
2012/1/2,x
2012/1/9,l̓
2012/2/11,LO̓
2012/3/20,t̓
2012/4/29,a̓
2012/4/30,x
2012/5/3,@LO
2012/5/4,݂ǂ̓
2012/5/5,ǂ̓
2012/7/16,C̓
2012/9/17,hV̓
2012/9/22,H̓
2012/10/8,̈̓
2012/11/3,̓
2012/11/23,ΘJӂ̓
2012/12/23,Vca
2012/12/24,x
2013/1/1,
2013/1/14,l̓
2013/2/11,LO̓
2013/3/20,t̓
2013/4/29,a̓
2013/5/3,@LO
2013/5/4,݂ǂ̓
2013/5/5,ǂ̓
2013/5/6,x
2013/7/15,C̓
2013/9/16,hV̓
2013/9/23,H̓
2013/10/14,̈̓
2013/11/3,̓
2013/11/4,x
2013/11/23,ΘJӂ̓
2013/12/23,Vca
2014/1/1,
2014/1/13,l̓
2014/2/11,LO̓
2014/3/21,t̓
2014/4/29,a̓
2014/5/3,@LO
2014/5/4,݂ǂ̓
2014/5/5,ǂ̓
2014/5/6,x
2014/7/21,C̓
2014/9/15,hV̓
2014/9/23,H̓
2014/10/13,̈̓
2014/11/3,̓
2014/11/23,ΘJӂ̓
2014/11/24,x
2014/12/23,Vca
2015/1/1,
2015/1/12,l̓
2015/2/11,LO̓
2015/3/21,t̓
2015/4/29,a̓
2015/5/3,@LO
2015/5/4,݂ǂ̓
2015/5/5,ǂ̓
2015/5/6,x
2015/7/20,C̓
2015/9/21,hV̓
2015/9/22,x
2015/9/23,H̓
2015/10/12,̈̓
2015/11/3,̓
2015/11/23,ΘJӂ̓
2015/12/23,Vca
2016/1/1,
2016/1/11,l̓
2016/2/11,LO̓
2016/3/20,t̓
2016/3/21,x
2016/4/29,a̓
2016/5/3,@LO
2016/5/4,݂ǂ̓
2016/5/5,ǂ̓
2016/7/18,C̓
2016/8/11,R̓
2016/9/19,hV̓
2016/9/22,H̓
2016/10/10,̈̓
2016/11/3,̓
2016/11/23,ΘJӂ̓
2016/12/23,Vca
2017/1/1,
2017/1/2,x
2017/1/9,l̓
2017/2/11,LO̓
2017/3/20,t̓
2017/4/29,a̓
2017/5/3,@LO
2017/5/4,݂ǂ̓
2017/5/5,ǂ̓
2017/7/17,C̓
2017/8/11,R̓
2017/9/18,hV̓
2017/9/23,H̓
2017/10/9,̈̓
2017/11/3,̓
2017/11/23,ΘJӂ̓
2017/12/23,Vca
2018/1/1,
2018/1/8,l̓
2018/2/11,LO̓
2018/2/12,x
2018/3/21,t̓
2018/4/29,a̓
2018/4/30,x
2018/5/3,@LO
2018/5/4,݂ǂ̓
2018/5/5,ǂ̓
2018/7/16,C̓
2018/8/11,R̓
2018/9/17,hV̓
2018/9/23,H̓
2018/9/24,x
2018/10/8,̈̓
2018/11/3,̓
2018/11/23,ΘJӂ̓
2018/12/23,Vca
2018/12/24,x
2019/1/1,
2019/1/14,l̓
2019/2/11,LO̓
2019/3/21,t̓
2019/4/29,a̓
2019/4/30,x
2019/5/1,xijj
2019/5/2,x
2019/5/3,@LO
2019/5/4,݂ǂ̓
2019/5/5,ǂ̓
2019/5/6,x
2019/7/15,C̓
2019/8/11,R̓
2019/8/12,x
2019/9/16,hV̓
2019/9/23,H̓
2019/10/14,̈̓iX|[c̓j
2019/10/22,xijj
2019/11/3,̓
2019/11/4,x
2019/11/23,ΘJӂ̓
2020/1/1,
2020/1/13,l̓
2020/2/11,LO̓
2020/2/23,Vca
2020/2/24,x
2020/3/20,t̓
2020/4/29,a̓
2020/5/3,@LO
2020/5/4,݂ǂ̓
2020/5/5,ǂ̓
2020/5/6,x
2020/7/23,C̓
2020/7/24,X|[c̓
2020/8/10,R̓
2020/9/21,hV̓
2020/9/22,H̓
2020/11/3,̓
2020/11/23,ΘJӂ̓
